Project,ID,Type,Title,Status,Status note,Priority,Risk,Area,Sprint,Blocked on,Owner action,Assignee,Registered,Last updated,Closed,Related,Artefacts,ID mentioned in code,Files,Notes,Money path
SO,BUG-2026-09-08-001,BUG,`response` not defined → 422 crash,IMPLEMENTED,,,,,,,,,2026-09-08,,,,"INTAKE, IMPACT_ANALYSIS, IMPLEMENTATION_PLAN, QA_HANDOVER, QA_REPORT",YES,,,
SO,CR-2026-02-XX-002,CR,"Restaurant 699 — ₹10 takeaway charge via `delivery_charge` (temporary, GAP-021)",IMPLEMENTED,,,,,,,,,,,,,INTAKE,YES,,,
SO,CR-2026-04-11-001,CR,Order placement fixes,IMPLEMENTED,,,,,,,,,2026-04-11,,,,QA_HANDOVER,no,,,
SO,CR-2026-05-30-001,CR,Config mandatory fields + table/room scan misrouting,IMPLEMENTED,,,,,,,,,2026-05-30,,,,CR,YES,,,
SO,CR-2026-05-30-002,CR,Restrict non-QR orders (policy workaround for the above),IMPLEMENTED,,,,,,,,,2026-05-30,,,,"CR, IMPLEMENTATION_PLAN",YES,,,
SO,CR-2026-06-17-002,CR,Channel preview in admin,IMPLEMENTED,,,,,,,,,2026-06-17,,,,"CR, IMPACT_ANALYSIS, QA_HANDOVER, QA_REPORT",YES,,,
SO,CR-2026-06-17-003,CR,Customer menu availability,IMPLEMENTED,,,,,,,,,2026-06-17,,,,"CR, IMPACT_ANALYSIS, QA_HANDOVER, QA_REPORT",YES,,,
SO,CR-2026-06-17-004,CR,Delivery GST backend key,IMPLEMENTED,,,,,,,,,2026-06-17,,,,"CR, IMPACT_ANALYSIS",YES,,,
SO,CR-2026-07-03-001,CR,Theme cache busting (`?bustCache=1`),IMPLEMENTED,,,,,,,,,2026-07-03,,,,"CR, INTAKE, QA_HANDOVER",YES,,,
SO,CR-2026-07-03-002,CR,Remove dead `/api/restaurant-info/{id}` fetch,IMPLEMENTED,,,,,,,,,2026-07-03,,,,"CR, INTAKE, IMPLEMENTATION_PLAN, QA_HANDOVER, QA_REPORT",YES,,,
SO,CR-2026-07-03-003,CR,Backend Mongo timeouts + `/api/healthz`,IMPLEMENTED,,,,,,,,,2026-07-03,,,,"CR, INTAKE, IMPLEMENTATION_PLAN, QA_HANDOVER",YES,,,
SO,CR-2026-07-03-004,CR,Frontend fetch timeouts + AbortController + error UI (plumbing scope; AlertDialog + empty-state deferred to follow-up),IMPLEMENTED,,,,,,,,,2026-07-03,,,,"CR, INTAKE, IMPLEMENTATION_PLAN, QA_HANDOVER, QA_REPORT",YES,,,
SO,CR-2026-07-03-010,CR,Registry hygiene & ID-scheme canonicalization (BUG-NNN vs CR-YYYY-MM-DD-NNN; tombstones; stale BUG_TRACKER_v2),IMPLEMENTED,,,,,,,,,2026-07-03,,,,"CR, INTAKE, IMPACT_ANALYSIS, IMPLEMENTATION_PLAN, QA_HANDOVER",no,,,
SO,CR-2026-08-06-001,CR,Time-controlled ordering,IMPLEMENTED,,,,,,,,,2026-08-06,,,,"CR, INTAKE, IMPACT_ANALYSIS, IMPLEMENTATION_PLAN, QA_REPORT",YES,,,
SO,INV-2026-06-17-001,INV,Table-less order received despite the non-QR block,IMPLEMENTED,,,,,,,,,2026-06-17,,,,,no,,,
SO,INV-2026-06-17-003,INV,"Room QR scan flow — status check, UI states, new-order capability",IMPLEMENTED,,,,,,,,,2026-06-17,,,,,no,,,
SO,INV-2026-08-06-001,INV,Admin QR page — POS token expiry handling and direct order-type QR codes (reconstructed from live code markers),IMPLEMENTED,"Was audit finding F2 of CR-2026-10-04-004 — a ghost ID in live code with no folder and no row, origin recorded as unknown. Folder created and intake reconstructed on owner instruction 2026-10-06. Fixes 2a and 2b are live and never owner-verified; a fix 1 is implied by the numbering and carries no marker. Adjudicated contract status: IMPLEMENTED.",P2,LOW,,,,"optional — QA of fix 2a/2b rides on CR-2026-10-04-001, which owns the same file",,2026-08-06,,,"CR-2026-10-04-001, CR-2026-10-06-001",INTAKE,YES,"frontend/src/pages/admin/AdminQRPage.jsx (markers at :105 fix 2a, :355 fix 2b)",,
SO,INV-2026-09-12-001,INV,Legacy `customer/` routes + `AdminSettings.jsx` usage trace (GAP-020),IMPLEMENTED,,,,,,,,,2026-09-12,,,,INTAKE,no,,,
SO,PROD-INCIDENT-2026-07-02-001,INCIDENT,Atlas slowness → frozen customer tab,IMPLEMENTED,,,,,,,,,2026-07-02,,,,,no,,,
